<?xml version="1.0" encoding="UTF-8" standalone="yes"?>
<manifest>
  <control namespace="MyPCF" constructor="getColor" version="0.0.1" display-name-key="getColor" description-key="getColor description" control-type="standard" preview-image="res/img/preview.png" api-version="1.2.2">
    <property name="CodigoColor" display-name-key="Codigo de Color" description-key="CodigoColor" of-type="SingleLine.Text" usage="bound" required="true"/>
    <resources>
      <code path="bundle.js" order="1"/>
      <img path="res/img/preview1.png"/>
    </resources>
    <built-by name="pac" version="1.2.6"/>
  </control>
</manifest>