<?xml version="1.0" encoding="UTF-8" standalone="yes"?>
<manifest>
  <control namespace="ftk.PCFControls" constructor="boundedDatePicker" version="0.0.1" display-name-key="boundedDatePicker" description-key="boundedDatePicker description" control-type="standard" api-version="1.2.3">
    <property name="date" display-name-key="b_date" description-key="Property_Desc_Key" of-type="DateAndTime.DateOnly" usage="bound" required="true"/>
    <property name="showWeekNumbers" display-name-key="i_showWeekNumbers" description-key="Property_Desc_Key" of-type="TwoOptions" usage="input" required="true" default-value="0"/>
    <property name="restrictMinimunDate" display-name-key="i_restrictMinimunDate" description-key="Property_Desc_Key" of-type="TwoOptions" usage="input" required="true" default-value="0"/>
    <property name="minDate" display-name-key="i_mindate" description-key="Property_Desc_Key" of-type-group="RestrictDate-Parameter" usage="input" required="false" default-value="2020-01-01T15:00:00"/>
    <property name="restrictMaximunDate" display-name-key="i_restrictMaximunDate" description-key="Property_Desc_Key" of-type="TwoOptions" usage="input" required="true" default-value="0"/>
    <property name="maxDate" display-name-key="i_maxdate" description-key="Property_Desc_Key" of-type-group="RestrictDate-Parameter" usage="input" required="false" default-value="2020-12-30T15:00:00"/>
    <type-group name="RestrictDate-Parameter">
      <type>DateAndTime.DateOnly</type>
      <type>Whole.None</type>
    </type-group>
    <resources>
      <code path="bundle.js" order="1"/>
    </resources>
    <built-by name="pac" version="1.3.1"/>
  </control>
</manifest>